Clusters,area(sqft),avg_weekly_sales,avg_weekly_volume
0,4061.7379912663755,483283.3511790393,435.355327510917
1,2959.9498806682577,367594.23642004776,595.1423150357996
2,6226.353135313531,1227221.6668316831,1515.6894389438944
